,Brand,Product description,Price,% off
0,VINCENT CHASE,"Polarized, UV Protection Round Sunglasses (51)",₹949,52%
1,VINCENT CHASE,"by Lenskart Polarized, UV Protection Aviator Sunglasses...",₹883,55%
2,Elligator,"UV Protection Cat-eye, Retro Square, Oval, Round Sungla...",₹168,71%
3,Fastrack,UV Protection Rectangular Sunglasses (Free Size),₹539,40%
4,SRPM,UV Protection Wayfarer Sunglasses (50),₹194,85%
5,Fastrack,UV Protection Wayfarer Sunglasses (58),₹729,33%
6,JOE BRIL,UV Protection Wayfarer Sunglasses (Free Size),₹249,80%
7,VINCENT CHASE,UV Protection Wayfarer Sunglasses (59),₹693,65%
8,kingsunglasses,"Mirrored, UV Protection Wayfarer Sunglasses (Free Size)",₹274,86%
9,VINCENT CHASE,UV Protection Wayfarer Sunglasses (59),₹569,71%
10,Eyewearlabs,Polarized Rectangular Sunglasses (54),"₹1,999",44%
11,VINCENT CHASE,"by Lenskart Polarized, UV Protection Round Sunglasses (...",₹949,52%
12,New Specs,UV Protection Rectangular Sunglasses (Free Size),₹269,89%
13,eyedens,UV Protection Butterfly Sunglasses (Free Size),₹599,88%
14,PIRASO,UV Protection Aviator Sunglasses (Free Size),₹309,80%
15,Fastrack,"Gradient, UV Protection Wayfarer Sunglasses (Free Size)",₹649,35%
16,VINCENT CHASE,by Lenskart UV Protection Aviator Sunglasses (53),₹854,57%
17,ROYAL SON,"UV Protection Rectangular, Retro Square Sunglasses (58)",₹497,66%
18,Aachive,Night Vision Round Sunglasses (Free Size),₹799,81%
19,BKGE,"Polarized, UV Protection Retro Square Sunglasses (55)",₹199,80%
20,VINCENT CHASE,UV Protection Wayfarer Sunglasses (62),₹679,66%
21,VINCENT CHASE,by Lenskart UV Protection Retro Square Sunglasses (55),₹883,55%
22,Fastrack,UV Protection Wayfarer Sunglasses (Free Size),₹679,32%
23,DEIXELS,"Polarized, UV Protection, Riding Glasses Wayfarer Sungl...",₹211,64%
24,Rich Club,UV Protection Rectangular Sunglasses (52),₹379,81%
25,Sewell,"Mirrored, Night Vision, UV Protection, Riding Glasses S...",₹280,81%
26,Rellter,"UV Protection, Riding Glasses Aviator Sunglasses (Free ...",₹789,81%
27,ROZZETTA CRAFT,"UV Protection, Gradient Rectangular Sunglasses (Free Si...",₹419,79%
28,FILZAGLASSES,UV Protection Retro Square Sunglasses (Free Size),₹499,75%
29,PIRASO,UV Protection Aviator Sunglasses (58),₹322,87%
30,HUB CREATION,Polarized Retro Square Sunglasses (Free Size),₹250,58%
31,RESIST EYEWEAR,Toughened Glass Lens Aviator Sunglasses (Free Size),"₹1,442",71%
32,kingsunglasses,"Mirrored, UV Protection Wayfarer, Rectangular Sunglasse...",₹299,85%
33,Fastrack,"Gradient, UV Protection Wayfarer Sunglasses (Free Size)",₹589,41%
34,Aachive,Night Vision Round Sunglasses (Free Size),₹799,81%
35,Fastrack,UV Protection Aviator Sunglasses (Free Size),₹589,34%
36,ROYAL SON,"Polarized, UV Protection, Gradient Over-sized, Butterfl...","₹1,299",56%
37,Resist,"Toughened Glass Lens, UV Protection, Riding Glasses, Ph...","₹1,403",71%
38,Fastrack,"Mirrored, UV Protection Wayfarer Sunglasses (Free Size)",₹739,32%
39,like future,UV Protection Rectangular Sunglasses (Free Size),₹190,80%
40,Eyewearlabs,"Polarized, UV Protection Retro Square Sunglasses (54)","₹1,799",50%
41,style guru,"Mirrored, Night Vision, UV Protection Wayfarer, Aviator...",₹899,55%
42,LIZA ANGEL,UV Protection Rectangular Sunglasses (Free Size),₹249,64%
43,PIRASO,UV Protection Aviator Sunglasses (54),₹259,83%
44,Fastrack,Polarized Wayfarer Sunglasses (55),₹619,31%
45,VINCENT CHASE,"by Lenskart Polarized, UV Protection Wayfarer Sunglasse...",₹749,62%
46,Eyewearlabs,"Polarized, UV Protection Retro Square Sunglasses (55)","₹1,799",50%
47,IRUS,UV Protection Aviator Sunglasses (58),₹879,20%
48,SUNBEE,UV Protection Cat-eye Sunglasses (Free Size),₹195,80%
49,Elligator,UV Protection Round Sunglasses (53),₹199,80%
50,IRUS,UV Protection Cat-eye Sunglasses (54),₹629,30%
51,LOUIS KOUROS,"UV Protection, Riding Glasses, Mirrored Retro Square Su...","₹1,499",44%
52,PIRASO,UV Protection Rectangular Sunglasses (52),₹203,89%
53,LIZA ANGEL,"Riding Glasses, UV Protection, Night Vision Spectacle ...",₹199,60%
54,Fastrack,UV Protection Aviator Sunglasses (Free Size),₹629,37%
55,LIZA ANGEL,"UV Protection, Night Vision, Riding Glasses Wayfarer Su...",₹249,80%
56,Eyewearlabs,"Polarized, UV Protection Retro Square Sunglasses (55)","₹1,799",50%
57,ROYAL SON,Polarized Clubmaster Sunglasses (58),₹899,65%
58,Sukart,"UV Protection, Polarized, Gradient, Riding Glasses Wayf...",₹267,73%
59,SUNBEE,"UV Protection, Polarized, Mirrored Aviator Sunglasses (...",₹215,78%
60,ROZIOR,UV Protection Cat-eye Sunglasses (Free Size),₹399,85%
61,Eyewearlabs,"Polarized, UV Protection Round Sunglasses (58)","₹1,999",44%
62,VINCENT CHASE,by Lenskart UV Protection Clubmaster Sunglasses (55),₹883,64%
63,Rich Club,UV Protection Retro Square Sunglasses (54),₹490,62%
64,Rich Club,UV Protection Round Sunglasses (50),₹341,65%
65,ROYAL SON,"Polarized, UV Protection Retro Square Sunglasses (61)",₹664,55%
66,LOUIS KOUROS,"UV Protection, Riding Glasses, Mirrored Aviator Sunglas...","₹1,343",50%
67,Eyewearlabs,"Polarized, UV Protection Rectangular Sunglasses (54)","₹1,999",44%
68,New Specs,UV Protection Oval Sunglasses (Free Size),₹199,80%
69,Fastrack,UV Protection Wayfarer Sunglasses (57),₹579,42%
70,IRUS,Gradient Butterfly Sunglasses (57),"₹1,019",39%
71,IRUS,UV Protection Wayfarer Sunglasses (52),₹559,30%
72,Sukart,"UV Protection, Riding Glasses, Polarized, Gradient Wayf...",₹266,73%
73,SUNBEE,"UV Protection, Polarized Wayfarer Sunglasses (Free Size...",₹315,75%
74,Fastrack,UV Protection Aviator Sunglasses (57),₹619,31%
75,GANSTA,"Riding Glasses, UV Protection Aviator Sunglasses (57)",₹224,82%
76,RESIST EYEWEAR,"Toughened Glass Lens, UV Protection, Riding Glasses Way...","₹1,436",71%
77,ROYAL SON,Polarized Rectangular Sunglasses (60),₹699,65%
78,Rich Club,UV Protection Retro Square Sunglasses (50),₹328,74%
79,VINCENT CHASE,"UV Protection, Polarized Over-sized Sunglasses (50)",₹854,57%
80,VINCENT CHASE,"by Lenskart Polarized, UV Protection Rectangular Sungla...",₹854,57%
81,GRECCY,"UV Protection, Polarized Rectangular Sunglasses (Free S...",₹190,76%
82,Singco India,"Riding Glasses, UV Protection Clubmaster, Wayfarer Sung...",₹359,82%
83,EYELLUSION,"UV Protection, Polarized, Gradient, Riding Glasses Retr...",₹220,77%
84,AISLIN,"UV Protection, Gradient Round, Cat-eye Sunglasses (60)",₹498,70%
85,ROYAL SON,UV Protection Round Sunglasses (54),₹699,65%
86,GRECCY,"UV Protection, Polarized Rectangular Sunglasses (Free S...",₹191,76%
87,Eyewearlabs,"Polarized, UV Protection Retro Square Sunglasses (56)","₹2,099",41%
88,Fastrack,UV Protection Round Sunglasses (52),₹499,44%
89,VINCENT CHASE,"by Lenskart Polarized, UV Protection Rectangular Sungla...",₹693,65%
90,Eyewearlabs,"Polarized, UV Protection Aviator Sunglasses (56)","₹1,999",44%
91,VINCENT CHASE,by Lenskart UV Protection Wayfarer Sunglasses (51),₹857,57%
92,Fastrack,UV Protection Wayfarer Sunglasses (53),₹759,24%
93,VINCENT CHASE,"by Lenskart Polarized, UV Protection Wayfarer Sunglasse...",₹699,72%
94,Singco India,"UV Protection, Riding Glasses Rectangular Sunglasses (5...",₹396,80%
95,Rich Club,Polarized Round Sunglasses (48),₹193,61%
96,CHORIOTIS,"UV Protection, Riding Glasses, Mirrored Round Sunglasse...","₹1,999",25%
97,IDEE,Gradient Butterfly Sunglasses (64),"₹2,275",30%
98,SUNBEE,UV Protection Cat-eye Sunglasses (Free Size),₹199,66%
99,PIRASO,UV Protection Wayfarer Sunglasses (32),₹259,83%
